{"flux_model": "night", "data": {"X": ["Ta", "H", "Tau", "LE_strg", "RH", "VPD", "Rg", "Ustar", "Tsoil1", "Tsoil2", "season", "hour", "dayofweek", "month", "dayofyear"], "train_size": 16736, "train_start_date": "Fri Jun 22 01:00:00 2012", "train_end_date": "Wed Aug 15 01:00:00 2018", "test_size": 4184, "test_start_date": "Wed Aug 15 01:30:00 2018", "test_end_date": "Mon Dec 30 05:30:00 2019", "train_years": [2012, 2013, 2014, 2015, 2016, 2017, 2018], "test_years": [2012, 2013, 2014, 2015, 2016, 2017, 2018]}, "model": {"params": 4501, "activation": "<class 'torch.nn.modules.activation.ReLU'>", "lr": 0.001, "loss_fn": "MSELoss()"}, "training": {"patience": 150, "num_epochs": 2000}, "eval": {"mae": {"nee": 1.7619211211316217, "bnee": 0.8252217295509301, "E0": 29.825450982919843, "rb": 1.2367494829127255, "dtemp": 1.4101227694199943, "f": 1.7417350092450474}, "r2": {"nee": 0.7940279741855508, "bnee": -26671.025361484328, "E0": -0.38164461539016226, "rb": 0.5660221392035929, "dtemp": 0.5508771131545687, "f": 0.33933718880119323}, "kl": {"nee": 0.1497626529042741, "bnee": 0.8909034926829607, "E0": 4.4709103603218745, "rb": 2.086401526332075, "dtemp": 3.2675788819553557, "f": 2.4588033031997703}, "wasstn": {"nee": 0.7955154213292192, "bnee": 0.8161559258805935, "E0": 20.50966815510854, "rb": 0.7770934161048091, "dtemp": 0.5348006391374261, "f": 0.6854433764491664}, "mmd": {"nee": 0.1433277244267369, "bnee": 0.38576617179819545, "E0": 0.2546877798775039, "rb": 0.27261258178554304, "dtemp": 0.17881627073329795, "f": 0.15916574111999002}}}