{"flux_model": "night", "data": {"X": ["Ta", "H", "Tau", "LE_strg", "RH", "VPD", "Rg", "Ustar", "Tsoil1", "Tsoil2", "season", "hour", "dayofweek", "month", "dayofyear"], "train_size": 16736, "train_start_date": "Fri Jun 22 01:00:00 2012", "train_end_date": "Wed Aug 15 01:00:00 2018", "test_size": 4184, "test_start_date": "Wed Aug 15 01:30:00 2018", "test_end_date": "Mon Dec 30 05:30:00 2019"}, "model": {"activation": "<class 'torch.nn.modules.activation.LeakyReLU'>", "lr": 0.001, "loss_fn": "MSELoss()"}, "training": {"patience": 20, "num_epochs": 600}, "eval": {"mae": {"nee": 1.200792753780492, "bnee": 0.6784788106156808, "E0": 32.76284288493898, "rb": 1.5366101394021032, "dtemp": 0.049206725756111215, "f": 0.7841592020218844}, "r2": {"nee": -1.3971838422787055, "bnee": 0.9264986195827438, "E0": -0.572753141828573, "rb": 0.3015689405431661, "dtemp": -23.300977707579527, "f": -5509.776269652858}}}