{"flux_model": "night", "data": {"X": ["Ta", "H", "Tau", "LE_strg", "RH", "VPD", "Rg", "Ustar", "Tsoil1", "Tsoil2", "season", "hour", "dayofweek", "month", "dayofyear"], "train_size": 16736, "train_start_date": "Fri Jun 22 01:00:00 2012", "train_end_date": "Wed Aug 15 01:00:00 2018", "test_size": 4184, "test_start_date": "Wed Aug 15 01:30:00 2018", "test_end_date": "Mon Dec 30 05:30:00 2019"}, "model": {"activation": "<class 'torch.nn.modules.activation.LeakyReLU'>", "lr": 0.001, "loss_fn": "MSELoss()"}, "training": {"patience": 20, "num_epochs": 600}, "eval": {"mae": {"nee": 0.9538067453478536, "bnee": 0.4138671468879251, "E0": 32.57015651954519, "rb": 1.0648719220789888, "dtemp": 0.13446149151162862, "f": 0.4199138331442215}, "r2": {"nee": 0.5388704991130597, "bnee": 0.9725882728775693, "E0": -0.4593933756859152, "rb": 0.6615878762365219, "dtemp": -284.10087889152953, "f": -492.9214151163067}}}