{"flux_model": "night", "data": {"X": ["Ta", "H", "Tau", "LE_strg", "RH", "VPD", "Rg", "Ustar", "Tsoil1", "Tsoil2", "season", "hour", "dayofweek", "month", "dayofyear"], "train_size": 16736, "train_start_date": "Fri Jun 22 01:00:00 2012", "train_end_date": "Wed Aug 15 01:00:00 2018", "test_size": 4184, "test_start_date": "Wed Aug 15 01:30:00 2018", "test_end_date": "Mon Dec 30 05:30:00 2019", "train_years": [2012, 2013, 2014, 2015, 2016, 2017, 2018], "test_years": [2012, 2013, 2014, 2015, 2016, 2017, 2018]}, "model": {"params": 7085, "activation": "<class 'torch.nn.modules.activation.LeakyReLU'>", "lr": 0.001, "loss_fn": "MSELoss()"}, "training": {"patience": 150, "num_epochs": 1000}, "eval": {"mae": {"nee": 0.9286195811589407, "bnee": 0.37416781014967604, "E0": 31.345830217146283, "rb": 1.2269626698965324, "dtemp": 0.11873982535330095, "f": 0.19755279224599373}, "r2": {"nee": 0.7070307472943724, "bnee": 0.9755653445914172, "E0": -0.4010315427126856, "rb": 0.5977886126353751, "dtemp": -196.29072643379214, "f": -27.568060164916588}, "kl": {"nee": 0.09807623557784413, "bnee": 0.084468231852175, "E0": 5.45347549080561, "rb": 0.8911457600145747, "dtemp": 0.8189517084374973, "f": 1.2332562927393578}, "wasstn": {"nee": 0.17603415557064017, "bnee": 0.20324871213269727, "E0": 24.901430576754798, "rb": 0.5491869295579751, "dtemp": 0.10984776297720902, "f": 0.17568584091359551}, "mmd": {"nee": 0.057847143281970936, "bnee": 0.05872055664442767, "E0": 0.22566713789552936, "rb": 0.18707967082127924, "dtemp": 0.06230905069983298, "f": 0.09368807517952422}}}