{"flux_model": "night", "data": {"X": ["Ta", "H", "Tau", "LE_strg", "RH", "VPD", "Rg", "Ustar", "Tsoil1", "Tsoil2", "season", "hour", "dayofweek", "month", "dayofyear"], "train_size": 16736, "train_start_date": "Fri Jun 22 01:00:00 2012", "train_end_date": "Wed Aug 15 01:00:00 2018", "test_size": 4184, "test_start_date": "Wed Aug 15 01:30:00 2018", "test_end_date": "Mon Dec 30 05:30:00 2019", "train_years": [2012, 2013, 2014, 2015, 2016, 2017, 2018], "test_years": [2012, 2013, 2014, 2015, 2016, 2017, 2018]}, "model": {"params": 5396, "activation": "<class 'torch.nn.modules.activation.LeakyReLU'>", "lr": 0.001, "loss_fn": "MSELoss()"}, "training": {"patience": 150, "num_epochs": 1000}, "eval": {"mae": {"nee": 1.2869578261234678, "E0": 29.98554141115732, "rb": 1.8253573296741972, "dtemp": 0.04887511259130232}, "r2": {"nee": 0.6160975105034048, "E0": -0.3145104895134978, "rb": 0.02978610996856279, "dtemp": -36.319691551578146}, "kl": {"nee": 0.7264444757379289, "E0": 4.770890962632797, "rb": 4.6019452046033775, "dtemp": 0.6130294555994286}, "wasstn": {"nee": 0.8725088630263366, "E0": 21.631989258425186, "rb": 1.2591167493027817, "dtemp": 0.04079206033829783}, "mmd": {"nee": 0.21113794695744476, "E0": 0.20920377053721625, "rb": 0.4385633964536946, "dtemp": 0.017871665698089238}}}