{"flux_model": "night", "data": {"X": ["Ta", "H", "Tau", "LE_strg", "RH", "VPD", "Rg", "Ustar", "Tsoil1", "Tsoil2", "season", "hour", "dayofweek", "month", "dayofyear"], "train_size": 16736, "train_start_date": "Fri Jun 22 01:00:00 2012", "train_end_date": "Wed Aug 15 01:00:00 2018", "test_size": 4184, "test_start_date": "Wed Aug 15 01:30:00 2018", "test_end_date": "Mon Dec 30 05:30:00 2019"}, "model": {"activation": "<class 'torch.nn.modules.activation.LeakyReLU'>", "lr": 0.001, "loss_fn": "MSELoss()"}, "training": {"patience": 20, "num_epochs": 600}, "eval": {"mae": {"nee": 1.2966716964132585, "bnee": 0.9813902334418739, "E0": 31.585152693505954, "rb": 1.5408490437793458, "dtemp": 0.041043383743134605, "f": 0.47435493542185}, "r2": {"nee": 0.5810453870165335, "bnee": 0.8408049155300573, "E0": -0.48111657289779775, "rb": 0.2822214162846346, "dtemp": -15.62364877678467, "f": -60.319042734975895}}}