{"flux_model": "night", "data": {"X": ["Ta", "H", "Tau", "LE_strg", "RH", "VPD", "Rg", "Ustar", "Tsoil1", "Tsoil2", "season", "hour", "dayofweek", "month", "dayofyear"], "train_size": 16736, "train_start_date": "Fri Jun 22 01:00:00 2012", "train_end_date": "Wed Aug 15 01:00:00 2018", "test_size": 4184, "test_start_date": "Wed Aug 15 01:30:00 2018", "test_end_date": "Mon Dec 30 05:30:00 2019"}, "model": {"activation": "<class 'torch.nn.modules.activation.LeakyReLU'>", "lr": 0.001, "loss_fn": "MSELoss()"}, "training": {"patience": 20, "num_epochs": 600}, "eval": {"mae": {"nee": 0.9478999814481597, "bnee": 0.34384162306792704, "E0": 31.862788928854307, "rb": 1.0117464521703938, "dtemp": 0.1437284013950888, "f": 0.28397458217940535}, "r2": {"nee": 0.6358748858943605, "bnee": 0.9792473222756904, "E0": -0.3967917374137935, "rb": 0.6947360350175098, "dtemp": -317.2037013384415, "f": -244.25605238066044}}}