{"flux_model": "night", "data": {"X": ["Ta", "H", "Tau", "LE_strg", "RH", "VPD", "Rg", "Ustar", "Tsoil1", "Tsoil2", "season", "hour", "dayofweek", "month", "dayofyear"], "train_size": 16736, "train_start_date": "Fri Jun 22 01:00:00 2012", "train_end_date": "Wed Aug 15 01:00:00 2018", "test_size": 4184, "test_start_date": "Wed Aug 15 01:30:00 2018", "test_end_date": "Mon Dec 30 05:30:00 2019", "train_years": [2012, 2013, 2014, 2015, 2016, 2017, 2018], "test_years": [2012, 2013, 2014, 2015, 2016, 2017, 2018]}, "model": {"params": 7085, "activation": "<class 'torch.nn.modules.activation.LeakyReLU'>", "lr": 0.001, "loss_fn": "MSELoss()"}, "training": {"patience": 150, "num_epochs": 1000}, "eval": {"mae": {"nee": 0.9480662453941018, "bnee": 0.36521231001296417, "E0": 28.959110835314252, "rb": 1.1112016334374708, "dtemp": 0.07258977424017526, "f": 0.15755087084229139}, "r2": {"nee": 0.7065133512261876, "bnee": 0.975643993082163, "E0": -0.24745045914526598, "rb": 0.6101665742331733, "dtemp": -78.79887828093842, "f": -18.986079240422146}, "kl": {"nee": 0.23798078615113055, "bnee": 0.22187913256477987, "E0": 1.9034711989071584, "rb": 1.6224994573801204, "dtemp": 0.7913854648250429, "f": 0.9665832276308652}, "wasstn": {"nee": 0.20800758733718616, "bnee": 0.15652515730654976, "E0": 20.340895640918447, "rb": 0.5842301333056011, "dtemp": 0.06342615474379243, "f": 0.13382616397228064}, "mmd": {"nee": 0.09182015799733678, "bnee": 0.07517300930803524, "E0": 0.20130900250382605, "rb": 0.1559486563202432, "dtemp": 0.014933361635882833, "f": 0.06400637868256621}}}