{"flux_model": "night", "data": {"X": ["Ta", "H", "Tau", "LE_strg", "RH", "VPD", "Rg", "Ustar", "Tsoil1", "Tsoil2", "season", "hour", "dayofweek", "month", "dayofyear"], "train_size": 16736, "train_start_date": "Fri Jun 22 01:00:00 2012", "train_end_date": "Wed Aug 15 01:00:00 2018", "test_size": 4184, "test_start_date": "Wed Aug 15 01:30:00 2018", "test_end_date": "Mon Dec 30 05:30:00 2019", "train_years": [2012, 2013, 2014, 2015, 2016, 2017, 2018], "test_years": [2012, 2013, 2014, 2015, 2016, 2017, 2018]}, "model": {"params": 5396, "activation": "<class 'torch.nn.modules.activation.LeakyReLU'>", "lr": 0.001, "loss_fn": "MSELoss()"}, "training": {"patience": 150, "num_epochs": 1000}, "eval": {"mae": {"nee": 0.9861820168921415, "bnee": 0.45858325817787854, "E0": 30.68888227798287, "rb": 1.657146673294224, "dtemp": 0.07963481500533524, "f": 0.06315669008298816}, "r2": {"nee": 0.6965660363379431, "bnee": 0.9627568911402286, "E0": -0.30344731070130404, "rb": 0.24973276003317735, "dtemp": -157.63680159647765, "f": -6.662834893391214}, "kl": {"nee": 0.21235837992691717, "bnee": 0.16038177156573952, "E0": 5.4927050422494395, "rb": 2.5250234745867726, "dtemp": 0.8347558292423976, "f": 0.08286300592911258}, "wasstn": {"nee": 0.18992672357743823, "bnee": 0.23597595621306391, "E0": 24.626003532519075, "rb": 1.083119273749262, "dtemp": 0.07057513947819058, "f": 0.03131131897610795}, "mmd": {"nee": 0.08659101686777675, "bnee": 0.08644725334260753, "E0": 0.22737089398702404, "rb": 0.4350581836709147, "dtemp": 0.023731705840331543, "f": 0.02021990923522588}}}