{"flux_model": "night", "data": {"X": ["Ta", "H", "Tau", "LE_strg", "RH", "VPD", "Rg", "Ustar", "Tsoil1", "Tsoil2", "season", "hour", "dayofweek", "month", "dayofyear"], "train_size": 16736, "train_start_date": "Fri Jun 22 01:00:00 2012", "train_end_date": "Wed Aug 15 01:00:00 2018", "test_size": 4184, "test_start_date": "Wed Aug 15 01:30:00 2018", "test_end_date": "Mon Dec 30 05:30:00 2019", "train_years": [2012, 2013, 2014, 2015, 2016, 2017, 2018], "test_years": [2012, 2013, 2014, 2015, 2016, 2017, 2018]}, "model": {"params": 7085, "activation": "<class 'torch.nn.modules.activation.LeakyReLU'>", "lr": 0.001, "loss_fn": "MSELoss()"}, "training": {"patience": 150, "num_epochs": 1000}, "eval": {"mae": {"nee": 0.866098995924167, "bnee": 0.1844174389088131, "E0": 28.81081923016171, "rb": 0.9389003640464569, "dtemp": 0.047186209921225714, "f": 0.14104060101467752}, "r2": {"nee": 0.7251226801872044, "bnee": 0.988565349112915, "E0": -0.2644498708998362, "rb": 0.7236176618472243, "dtemp": -35.218029585718746, "f": -17.124148716278803}, "kl": {"nee": 0.2311531670856288, "bnee": 0.08638141500629631, "E0": 4.3062128398070945, "rb": 1.3181757714896185, "dtemp": 0.7582176346278546, "f": 0.8114499120092153}, "wasstn": {"nee": 0.14628262332788383, "bnee": 0.09659811818747852, "E0": 20.35894798731029, "rb": 0.4756590400183177, "dtemp": 0.03958245681245808, "f": 0.1192858379132972}, "mmd": {"nee": 0.05144289501805993, "bnee": 0.028390000126318416, "E0": 0.19836878045156325, "rb": 0.13531978277149165, "dtemp": 0.037516409560869705, "f": 0.054547682890505066}}}