{"flux_model": "night", "data": {"X": ["Ta", "H", "Tau", "LE_strg", "RH", "VPD", "Rg", "Ustar", "Tsoil1", "Tsoil2", "season", "hour", "dayofweek", "month", "dayofyear"], "train_size": 16736, "train_start_date": "Fri Jun 22 01:00:00 2012", "train_end_date": "Wed Aug 15 01:00:00 2018", "test_size": 4184, "test_start_date": "Wed Aug 15 01:30:00 2018", "test_end_date": "Mon Dec 30 05:30:00 2019"}, "model": {"activation": "<class 'torch.nn.modules.activation.LeakyReLU'>", "lr": 0.001, "loss_fn": "MSELoss()"}, "training": {"patience": 20, "num_epochs": 600}, "eval": {"mae": {"nee": 1.4481984978794595, "bnee": 0.9756406050310764, "E0": 31.54168526574713, "rb": 1.5502616483326397, "dtemp": 0.16484366252131186, "f": 1.5321551547894057}, "r2": {"nee": 0.5068833075683892, "bnee": 0.852351144641109, "E0": -0.4871807678774127, "rb": 0.2718134022418762, "dtemp": -280.1030334235194, "f": -680.1209222553102}}}