{"flux_model": "night", "data": {"X": ["Ta", "H", "Tau", "LE_strg", "RH", "VPD", "Rg", "Ustar", "Tsoil1", "Tsoil2", "season", "hour", "dayofweek", "month", "dayofyear"], "train_size": 16736, "train_start_date": "Fri Jun 22 01:00:00 2012", "train_end_date": "Wed Aug 15 01:00:00 2018", "test_size": 4184, "test_start_date": "Wed Aug 15 01:30:00 2018", "test_end_date": "Mon Dec 30 05:30:00 2019"}, "model": {"activation": "<class 'torch.nn.modules.activation.LeakyReLU'>", "lr": 0.001, "loss_fn": "MSELoss()"}, "training": {"patience": 20, "num_epochs": 600}, "eval": {"mae": {"nee": 0.9754274089626583, "bnee": 0.4304049368769671, "E0": 32.59658674437047, "rb": 1.1287853087907402, "dtemp": 0.16110208047368088, "f": 0.48035258082432997}, "r2": {"nee": 0.6992736594401172, "bnee": 0.9710141348140237, "E0": -0.4496614421680425, "rb": 0.6159454469594978, "dtemp": -392.2992108972279, "f": -121.25583778274746}}}