{"flux_model": "night", "data": {"X": ["Ta", "H", "Tau", "LE_strg", "RH", "VPD", "Rg", "Ustar", "Tsoil1", "Tsoil2", "season", "hour", "dayofweek", "month", "dayofyear"], "train_size": 16736, "train_start_date": "Fri Jun 22 01:00:00 2012", "train_end_date": "Wed Aug 15 01:00:00 2018", "test_size": 4184, "test_start_date": "Wed Aug 15 01:30:00 2018", "test_end_date": "Mon Dec 30 05:30:00 2019", "train_years": [2012, 2013, 2014, 2015, 2016, 2017, 2018], "test_years": [2012, 2013, 2014, 2015, 2016, 2017, 2018]}, "model": {"params": 4501, "activation": "<class 'torch.nn.modules.activation.LeakyReLU'>", "lr": 0.001, "loss_fn": "MSELoss()"}, "training": {"patience": 150, "num_epochs": 1300}, "eval": {"mae": {"nee": 1.087916016500322, "bnee": 0.7272731524324098, "E0": 29.98352367335478, "rb": 1.2780776466055992, "dtemp": 0.03620041772743175, "f": 0.10991134152263918}, "r2": {"nee": 0.6720283423437343, "bnee": 0.9190511302142712, "E0": -0.3544645702690763, "rb": 0.49790404724735293, "dtemp": -20.227391791050106, "f": -9.529742586733796}, "kl": {"nee": 0.2607184223293321, "bnee": 0.28286192987419395, "E0": 3.778316353355711, "rb": 3.8843613121261713, "dtemp": 1.330064640530718, "f": 0.7069769155387658}, "wasstn": {"nee": 0.3966041861839208, "bnee": 0.4167263484052444, "E0": 22.836704806661515, "rb": 0.9392178040389577, "dtemp": 0.03223856764777493, "f": 0.08137305695157158}, "mmd": {"nee": 0.13849919507226013, "bnee": 0.13507667696753306, "E0": 0.19407701335909147, "rb": 0.31228519379659525, "dtemp": 0.03813281904207639, "f": 0.03638209398667697}}}