{"flux_model": "night", "data": {"X": ["Ta", "H", "Tau", "LE_strg", "RH", "VPD", "Rg", "Ustar", "Tsoil1", "Tsoil2", "season", "hour", "dayofweek", "month", "dayofyear"], "train_size": 16736, "train_start_date": "Fri Jun 22 01:00:00 2012", "train_end_date": "Wed Aug 15 01:00:00 2018", "test_size": 4184, "test_start_date": "Wed Aug 15 01:30:00 2018", "test_end_date": "Mon Dec 30 05:30:00 2019"}, "model": {"activation": "<class 'torch.nn.modules.activation.LeakyReLU'>", "lr": 0.001, "loss_fn": "MSELoss()"}, "training": {"patience": 20, "num_epochs": 600}, "eval": {"mae": {"nee": 1.0321631295531704, "bnee": 0.3543518346522438, "E0": 31.924426925797764, "rb": 0.9796580663332409, "dtemp": 0.13536240775358782, "f": 0.5182673794978117}, "r2": {"nee": 0.19996971892557225, "bnee": 0.9762068755813034, "E0": -0.40687328328563965, "rb": 0.7065555655180763, "dtemp": -321.22870140947043, "f": -1439.0771732372536}}}