{"flux_model": "night", "data": {"X": ["Ta", "H", "Tau", "LE_strg", "RH", "VPD", "Rg", "Ustar", "Tsoil1", "Tsoil2", "season", "hour", "dayofweek", "month", "dayofyear"], "train_size": 4263, "train_start_date": "Fri Jun 22 01:00:00 2012", "train_end_date": "Wed Dec 31 23:00:00 2014", "test_size": 5550, "test_start_date": "Mon Jan  1 00:00:00 2018", "test_end_date": "Mon Dec 30 05:30:00 2019", "train_years": [2012, 2014], "test_years": [2012, 2014]}, "model": {"params": 4501, "activation": "<class 'torch.nn.modules.activation.LeakyReLU'>", "lr": 0.001, "loss_fn": "MSELoss()"}, "training": {"patience": 150, "num_epochs": 1000}, "eval": {"mae": {"nee": 1.1531534659003353, "E0": 42.67067084750614, "rb": 1.543445015114707, "dtemp": 0.014215159602106658}, "r2": {"nee": 0.6524169539267566, "E0": -3.016165682434761, "rb": 0.3748745522833383, "dtemp": -2.2423343303949785}, "kl": {"nee": 0.24451192579067868, "E0": 0.7530218807027177, "rb": 0.8408055082077674, "dtemp": 0.13082910927125957}, "wasstn": {"nee": 0.5350597905146108, "E0": 24.991733635910993, "rb": 1.0231904454166822, "dtemp": 0.004495767230432278}, "mmd": {"nee": 0.07325853813804432, "E0": 0.19130781096345548, "rb": 0.22144459612282458, "dtemp": 0.0004440376996876847}}}