{"flux_model": "night", "data": {"X": ["Ta", "H", "Tau", "LE_strg", "RH", "VPD", "Rg", "Ustar", "Tsoil1", "Tsoil2", "season", "hour", "dayofweek", "month", "dayofyear"], "train_size": 16736, "train_start_date": "Fri Jun 22 01:00:00 2012", "train_end_date": "Wed Aug 15 01:00:00 2018", "test_size": 4184, "test_start_date": "Wed Aug 15 01:30:00 2018", "test_end_date": "Mon Dec 30 05:30:00 2019", "train_years": [2012, 2013, 2014, 2015, 2016, 2017, 2018], "test_years": [2012, 2013, 2014, 2015, 2016, 2017, 2018]}, "model": {"params": 5396, "activation": "<class 'torch.nn.modules.activation.LeakyReLU'>", "lr": 0.001, "loss_fn": "MSELoss()"}, "training": {"patience": 150, "num_epochs": 1000}, "eval": {"mae": {"nee": 1.4079060189240749, "bnee": 1.3391959235485265, "E0": 27.337005604293562, "rb": 1.8260857361167613, "dtemp": 0.02917266003648676, "f": 0.031994126837960005}, "r2": {"nee": 0.5459380936813822, "bnee": 0.628268439318565, "E0": -0.10981699354749197, "rb": 0.021206080589704634, "dtemp": -13.4100135717653, "f": 0.03877386620182344}, "kl": {"nee": 0.5395456419257179, "bnee": 0.6464584685113642, "E0": 4.124682533736546, "rb": 3.882217295727707, "dtemp": 0.48894985971328114, "f": 0.953723472201928}, "wasstn": {"nee": 1.0430009880069337, "bnee": 1.0828261713695, "E0": 20.106060082780242, "rb": 1.2729919876753715, "dtemp": 0.020085222407733958, "f": 0.020129701156155425}, "mmd": {"nee": 0.24753988339785135, "bnee": 0.24797115110132645, "E0": 0.2344790183327255, "rb": 0.3734562649785273, "dtemp": 0.007492510239739024, "f": 0.004895247462515688}}}