{"flux_model": "night", "data": {"X": ["Ta", "H", "Tau", "LE_strg", "RH", "VPD", "Rg", "Ustar", "Tsoil1", "Tsoil2", "season", "hour", "dayofweek", "month", "dayofyear"], "train_size": 16736, "train_start_date": "Fri Jun 22 01:00:00 2012", "train_end_date": "Wed Aug 15 01:00:00 2018", "test_size": 4184, "test_start_date": "Wed Aug 15 01:30:00 2018", "test_end_date": "Mon Dec 30 05:30:00 2019"}, "model": {"activation": "<class 'torch.nn.modules.activation.LeakyReLU'>", "lr": 0.001, "loss_fn": "MSELoss()"}, "training": {"patience": 20, "num_epochs": 600}, "eval": {"mae": {"nee": 1.066648511967513, "bnee": 0.6057903357989816, "E0": 30.925165475440526, "rb": 1.5903873992068818, "dtemp": 0.0762025072781433, "f": 0.08805890205004188}, "r2": {"nee": 0.6434267202879906, "bnee": 0.9335331090784484, "E0": -0.4204840328087318, "rb": 0.21623744892743746, "dtemp": -58.69067798449011, "f": -106.37485944712472}}}