{"flux_model": "night", "data": {"X": ["Ta", "H", "Tau", "LE_strg", "RH", "VPD", "Rg", "Ustar", "Tsoil1", "Tsoil2", "season", "hour", "dayofweek", "month", "dayofyear"], "train_size": 16736, "train_start_date": "Fri Jun 22 01:00:00 2012", "train_end_date": "Wed Aug 15 01:00:00 2018", "test_size": 4184, "test_start_date": "Wed Aug 15 01:30:00 2018", "test_end_date": "Mon Dec 30 05:30:00 2019"}, "model": {"activation": "<class 'torch.nn.modules.activation.LeakyReLU'>", "lr": 0.001, "loss_fn": "MSELoss()"}, "training": {"patience": 20, "num_epochs": 600}, "eval": {"mae": {"nee": 0.9579607287304295, "bnee": 0.40460481380386704, "E0": 32.190602680921096, "rb": 1.1693941190372261, "dtemp": 0.11764238044374654, "f": 0.3784873190923191}, "r2": {"nee": 0.6963816247266075, "bnee": 0.9739871928804043, "E0": -0.43754614652308543, "rb": 0.6151697049986845, "dtemp": -210.02506537297066, "f": -112.8011075083295}}}